accuracy,dice_score,f1-score,f2-score,iou_score,loss,precision,recall,val_accuracy,val_dice_score,val_f1-score,val_f2-score,val_iou_score,val_loss,val_precision,val_recall
0.9427984952926636,0.621437668800354,0.621437668800354,0.6446542739868164,0.5275894999504089,0.2259528487920761,0.6057105660438538,0.6772753000259399,0.3990565240383148,0.19769304990768433,0.19769304990768433,0.21616321802139282,0.12686654925346375,35.22340774536133,0.39107438921928406,0.26858222484588623
0.981981635093689,0.8537723422050476,0.8537723422050476,0.8777531385421753,0.7649888396263123,0.04667617008090019,0.8224068284034729,0.896974503993988,0.9349784851074219,0.6165704131126404,0.6165704131126404,0.6062706112861633,0.5361980199813843,0.23363299667835236,0.6654412746429443,0.6138617992401123
0.9850561618804932,0.8754956722259521,0.8754956722259521,0.8892970681190491,0.7944633960723877,0.036812297999858856,0.8564202189445496,0.8998925089836121,0.9675950407981873,0.7618280649185181,0.7618280649185181,0.786292314529419,0.6631841659545898,0.10021605342626572,0.7378487586975098,0.8235082626342773
0.9844462275505066,0.8488051891326904,0.8488051891326904,0.8673979043960571,0.7596452236175537,0.043175335973501205,0.8239427804946899,0.8819996118545532,0.9044039845466614,0.5424728989601135,0.5424728989601135,0.5685880184173584,0.4593624472618103,0.424981951713562,0.5292733907699585,0.6330408453941345
0.9845486283302307,0.836047351360321,0.8360472321510315,0.861211359500885,0.7436788082122803,0.04684332385659218,0.8032562732696533,0.8814361095428467,0.9323952794075012,0.5903093218803406,0.5903093218803406,0.5821685791015625,0.5047112703323364,0.24065086245536804,0.6391713619232178,0.5923495292663574
0.984477698802948,0.8459436893463135,0.8459436893463135,0.8671653866767883,0.7547935843467712,0.045547958463430405,0.817809522151947,0.8839113712310791,0.9104125499725342,0.47023510932922363,0.47023510932922363,0.47410982847213745,0.4105660617351532,0.34044045209884644,0.4953305423259735,0.49470818042755127
0.9855333566665649,0.8596069812774658,0.8596069812774658,0.8764973282814026,0.7725562453269958,0.04076692461967468,0.8372300863265991,0.8897915482521057,0.9665089249610901,0.7126743793487549,0.7126743793487549,0.7272258996963501,0.6224368810653687,0.10785417258739471,0.7111083269119263,0.7542827129364014
0.9852533936500549,0.8642961978912354,0.8642963171005249,0.8792219161987305,0.7781916856765747,0.04076705873012543,0.8453497886657715,0.8911841511726379,0.9455540776252747,0.6178558468818665,0.6178559064865112,0.6270012259483337,0.534647524356842,0.19807127118110657,0.6364649534225464,0.652942419052124
0.985748827457428,0.8736045360565186,0.8736045360565186,0.8879464864730835,0.7903996109962463,0.038515251129865646,0.8550017476081848,0.8992707133293152,0.9408471584320068,0.579990565776825,0.579990565776825,0.5909415483474731,0.5099204182624817,0.21121427416801453,0.6031717658042908,0.6184619069099426
0.984955906867981,0.8701740503311157,0.8701740503311157,0.8830878734588623,0.7866365313529968,0.04020217806100845,0.8540237545967102,0.8934711813926697,0.9636951684951782,0.7590948939323425,0.7590948939323425,0.7560986280441284,0.6631947159767151,0.12093232572078705,0.7900243401527405,0.7735775113105774
0.9859463572502136,0.873756468296051,0.873756468296051,0.8872119784355164,0.7921148538589478,0.03775280714035034,0.8567502498626709,0.8980308175086975,0.9733447432518005,0.8324084281921387,0.8324085474014282,0.8430884480476379,0.7461438179016113,0.0685100257396698,0.8251034617424011,0.8658633232116699
0.9857074022293091,0.8731386661529541,0.8731386661529541,0.8849512338638306,0.7908070683479309,0.037771325558423996,0.8584833145141602,0.8945106863975525,0.9656558632850647,0.6996407508850098,0.6996407508850098,0.6939411759376526,0.6177255511283875,0.10644114017486572,0.743679404258728,0.7068856954574585
0.9859277606010437,0.8768742680549622,0.8768742680549622,0.887758731842041,0.7958841323852539,0.03669111803174019,0.8633261322975159,0.8965094089508057,0.9492689371109009,0.660835862159729,0.660835862159729,0.6482863426208496,0.5731014013290405,0.1809253841638565,0.7427976727485657,0.6583009958267212
0.9857311844825745,0.8762273788452148,0.8762273788452148,0.8862931132316589,0.7949538826942444,0.03712320700287819,0.8638138771057129,0.8943560123443604,0.9643343091011047,0.7306726574897766,0.7306726574897766,0.7093153595924377,0.6433825492858887,0.11837758868932724,0.8235337138175964,0.7115901112556458
0.9863458871841431,0.8830493688583374,0.8830494284629822,0.8927003741264343,0.8041187524795532,0.03510317578911781,0.8707953095436096,0.9003057479858398,0.9782261252403259,0.8277085423469543,0.8277085423469543,0.8159875869750977,0.7408238649368286,0.05886948108673096,0.8572741746902466,0.821901261806488
0.9866228699684143,0.8858194351196289,0.8858194351196289,0.895115315914154,0.8079000115394592,0.034226156771183014,0.8739210367202759,0.9024131894111633,0.9755971431732178,0.801068127155304,0.801068127155304,0.7902116775512695,0.7090155482292175,0.06761191040277481,0.8315892815589905,0.7971696257591248
0.9870254397392273,0.8883925080299377,0.8883925080299377,0.8975928425788879,0.8118320107460022,0.03285352885723114,0.8766156435012817,0.9048309922218323,0.9759241938591003,0.8285669088363647,0.8285669088363647,0.8275588750839233,0.740333080291748,0.07155760377645493,0.8445493578910828,0.8416754007339478
0.9871468544006348,0.8879910111427307,0.8879910111427307,0.8968403935432434,0.8113746047019958,0.03254903107881546,0.8767976760864258,0.9038636684417725,0.9785757064819336,0.7922216653823853,0.7922216653823853,0.7863054871559143,0.7056875824928284,0.06089373305439949,0.815597653388977,0.7964990139007568
0.9867059588432312,0.8849812150001526,0.8849812150001526,0.8939579129219055,0.8072803616523743,0.03374451398849487,0.8736196160316467,0.9010865092277527,0.9511606693267822,0.7263520359992981,0.7263520359992981,0.7134852409362793,0.6270331144332886,0.16085463762283325,0.8204779028892517,0.7258034348487854
0.9860249161720276,0.8831956386566162,0.8831957578659058,0.8914238810539246,0.8046437501907349,0.035096097737550735,0.873168408870697,0.8980180621147156,0.9809548854827881,0.8391550183296204,0.8391550183296204,0.8368532657623291,0.7576845288276672,0.04658970236778259,0.8510191440582275,0.8489211797714233
0.987019956111908,0.8869084119796753,0.8869084119796753,0.895328938961029,0.810028612613678,0.03277792036533356,0.8762056231498718,0.9019789695739746,0.9724024534225464,0.7501030564308167,0.7501030564308167,0.7291104197502136,0.6680107116699219,0.08262230455875397,0.8245329260826111,0.7308815121650696
0.9870160818099976,0.8878763914108276,0.8878763914108276,0.8963922262191772,0.8114640712738037,0.03255641832947731,0.8770882487297058,0.9031606912612915,0.9731215834617615,0.7434684038162231,0.7434684038162231,0.7328667640686035,0.6623972058296204,0.07288666814565659,0.787888765335083,0.7418832778930664
0.9873007535934448,0.8918614983558655,0.8918614983558655,0.9003493785858154,0.8170934915542603,0.03097168728709221,0.8806628584861755,0.9069179892539978,0.9703425168991089,0.7442641258239746,0.7442641258239746,0.7197534441947937,0.6634706854820251,0.09182362258434296,0.8287096619606018,0.7198966145515442
0.9868910312652588,0.8839755654335022,0.8839755654335022,0.8938411474227905,0.8066595196723938,0.03317912667989731,0.8717017769813538,0.9017897248268127,0.9425128102302551,0.6680712699890137,0.6680713295936584,0.6417984962463379,0.5724425315856934,0.21309341490268707,0.8100157976150513,0.6434149742126465
0.9861815571784973,0.8626901507377625,0.8626901507377625,0.8796430826187134,0.7777837514877319,0.03888947516679764,0.8427403569221497,0.8941495418548584,0.9422895312309265,0.6623442769050598,0.6623442769050598,0.6439284682273865,0.5513862371444702,0.20784027874469757,0.727667510509491,0.6525951623916626
0.987230658531189,0.8795574903488159,0.8795574903488159,0.8909803032875061,0.800439178943634,0.03332098573446274,0.8644834756851196,0.8999084830284119,0.9788503050804138,0.7745355367660522,0.7745355367660522,0.7902513146400452,0.6877700090408325,0.08153729140758514,0.7684139609336853,0.8297083973884583
0.9873825311660767,0.8850776553153992,0.8850775361061096,0.8951475620269775,0.8079721927642822,0.032171912491321564,0.8720167279243469,0.9030896425247192,0.9806258082389832,0.7804286479949951,0.7804286479949951,0.7863441705703735,0.6973708271980286,0.0668383315205574,0.7853423357009888,0.8106881976127625
0.9877943396568298,0.888549268245697,0.888549268245697,0.8982834219932556,0.8128952383995056,0.030704129487276077,0.8758997321128845,0.9059461355209351,0.9826741814613342,0.8129199147224426,0.8129199147224426,0.8167508840560913,0.7316457629203796,0.05609973892569542,0.8197641372680664,0.8374255895614624
0.987678587436676,0.888190507888794,0.888190507888794,0.8975843191146851,0.812322199344635,0.0307572390884161,0.8758531808853149,0.9049264788627625,0.9824829697608948,0.8065119385719299,0.8065119385719299,0.8217571973800659,0.7228409647941589,0.06144829839468002,0.7966042757034302,0.8521692752838135
0.9875404238700867,0.8883305788040161,0.8883305788040161,0.8975839614868164,0.8125301599502563,0.030604226514697075,0.8759862184524536,0.9047268629074097,0.9791509509086609,0.8001627922058105,0.8001627922058105,0.7976222038269043,0.7160302400588989,0.07027387619018555,0.820885419845581,0.8118427395820618
0.9876747727394104,0.8886090517044067,0.8886092305183411,0.8978630900382996,0.8128482699394226,0.030324673280119896,0.8761375546455383,0.9049902558326721,0.9750930070877075,0.7225244641304016,0.7225244641304016,0.7235235571861267,0.6400959491729736,0.08368050307035446,0.7504590153694153,0.7491171360015869
0.9876843094825745,0.888421893119812,0.8884219527244568,0.8976250290870667,0.8126692771911621,0.030303124338388443,0.8759362101554871,0.9046462178230286,0.9793139696121216,0.7838026881217957,0.7838026881217957,0.7802464365959167,0.6989483833312988,0.06263972073793411,0.8085425496101379,0.7970088124275208
0.9874669313430786,0.8880069851875305,0.8880069851875305,0.8973970413208008,0.8120529055595398,0.030781947076320648,0.8751271963119507,0.904515266418457,0.9771286845207214,0.7629189491271973,0.7629189491271973,0.7609172463417053,0.679570734500885,0.07461567968130112,0.7963646650314331,0.783606231212616
0.9871352910995483,0.886195719242096,0.886195719242096,0.8953036069869995,0.8094996213912964,0.03175367787480354,0.8738766312599182,0.9022670388221741,0.9809429049491882,0.8071236610412598,0.8071236610412598,0.8156338930130005,0.7279630303382874,0.0644601434469223,0.8091835379600525,0.8427259922027588
0.9869537353515625,0.8854402303695679,0.8854402303695679,0.8948875069618225,0.8083143830299377,0.03221333399415016,0.8727961778640747,0.9021678566932678,0.9808219075202942,0.8006100654602051,0.8006100654602051,0.8041797280311584,0.7164530754089355,0.056248534470796585,0.8058159351348877,0.8230177164077759
0.9867635369300842,0.8841418027877808,0.8841418027877808,0.8932033777236938,0.8066255450248718,0.0324636735022068,0.8721243143081665,0.9002454280853271,0.9824317693710327,0.7991927862167358,0.7991927862167358,0.8132360577583313,0.7138656377792358,0.05940854549407959,0.7940277457237244,0.845562756061554
0.9874243140220642,0.8887119889259338,0.8887119889259338,0.8978958129882812,0.8129715919494629,0.030524685978889465,0.8761640787124634,0.9048688411712646,0.9725387096405029,0.7773169875144958,0.7773170471191406,0.7624257206916809,0.6875060200691223,0.08801931142807007,0.826352596282959,0.7683281898498535
0.9873064160346985,0.8875367045402527,0.8875367045402527,0.8966176509857178,0.8114586472511292,0.03118404559791088,0.8751798868179321,0.9035360813140869,0.9789372682571411,0.7594175934791565,0.7594175934791565,0.7752060890197754,0.6746634244918823,0.06425822526216507,0.7541890740394592,0.8139086365699768
0.9867478609085083,0.8840386867523193,0.8840386867523193,0.893288791179657,0.8066010475158691,0.03264893591403961,0.8711498975753784,0.9002435207366943,0.973008394241333,0.7496469020843506,0.7496469020843506,0.7432456612586975,0.6629410982131958,0.08689320087432861,0.7793170213699341,0.7568539381027222
0.9840010404586792,0.8670594692230225,0.8670594692230225,0.8761618733406067,0.783550500869751,0.04029816761612892,0.8552562594413757,0.8833232522010803,0.9486426711082458,0.6631408929824829,0.6631408929824829,0.6496936082839966,0.5797463655471802,0.18846143782138824,0.716704249382019,0.6562440395355225
0.9842193126678467,0.865748941898346,0.865748941898346,0.8747437000274658,0.781645655632019,0.03951450064778328,0.8540652990341187,0.881813645362854,0.9736655354499817,0.7600470185279846,0.7600470185279846,0.7492332458496094,0.6743184924125671,0.07052114605903625,0.7945691347122192,0.7564404606819153
0.986200213432312,0.8795974850654602,0.8795974850654602,0.8888857364654541,0.8003774881362915,0.03406587243080139,0.8668140769004822,0.8959199786186218,0.9811650514602661,0.823655366897583,0.823655366897583,0.8311722874641418,0.7404379844665527,0.04894096031785011,0.8189647793769836,0.851054847240448
0.9863605499267578,0.8780162930488586,0.8780162930488586,0.8868134021759033,0.7990550398826599,0.03372884914278984,0.8662213087081909,0.8935819268226624,0.9817101359367371,0.8064661026000977,0.8064661026000977,0.8108230829238892,0.722180962562561,0.05365997180342674,0.8096311092376709,0.8304221034049988
0.9871875047683716,0.8839656710624695,0.8839656710624695,0.8933578133583069,0.8064860105514526,0.03191032633185387,0.8710088729858398,0.9004785418510437,0.9799533486366272,0.8300846815109253,0.8300846815109253,0.8271002173423767,0.7468668222427368,0.05443863198161125,0.8453851342201233,0.8399312496185303
0.9876181483268738,0.8879671096801758,0.8879671096801758,0.8974060416221619,0.8121293783187866,0.030777473002672195,0.874912440776825,0.9045668244361877,0.9823799133300781,0.8132825493812561,0.8132825493812561,0.8280904293060303,0.7298611402511597,0.04738396406173706,0.8052309155464172,0.860073983669281
0.9878098368644714,0.8902157545089722,0.8902157545089722,0.8996442556381226,0.8154268264770508,0.02995920181274414,0.8770598769187927,0.9067581295967102,0.9803975224494934,0.796441912651062,0.7964418530464172,0.8285675048828125,0.7120747566223145,0.05518706142902374,0.7668168544769287,0.8830704092979431
0.9879295825958252,0.8915804624557495,0.8915804624557495,0.9010249376296997,0.8172487616539001,0.029487092047929764,0.878329873085022,0.908109724521637,0.9838707447052002,0.8227176666259766,0.8227176666259766,0.852265477180481,0.7405741810798645,0.047201577574014664,0.7932447791099548,0.8973816633224487
0.9879106283187866,0.8912182450294495,0.8912182450294495,0.9006563425064087,0.8167752027511597,0.02951742522418499,0.8779712915420532,0.9077392220497131,0.9839220643043518,0.8271002769470215,0.8271003365516663,0.8554192781448364,0.7460852265357971,0.046467818319797516,0.7985645532608032,0.8986800909042358
0.9877156615257263,0.891301691532135,0.891301691532135,0.9008347392082214,0.8170467615127563,0.02977597527205944,0.8779374957084656,0.9079947471618652,0.9840705394744873,0.828722357749939,0.8287224173545837,0.8452276587486267,0.7492312788963318,0.047309454530477524,0.8151165843009949,0.8771229982376099
0.987648606300354,0.8922246098518372,0.8922246694564819,0.9016367793083191,0.8183530569076538,0.0298035629093647,0.8789885640144348,0.908695638179779,0.9768943190574646,0.7897551655769348,0.7897551655769348,0.8180890679359436,0.7025813460350037,0.06400173902511597,0.7649705410003662,0.8672052621841431
0.9871837496757507,0.8903298377990723,0.8903298377990723,0.9000820517539978,0.8153183460235596,0.03100685402750969,0.8767342567443848,0.9074154496192932,0.980976939201355,0.8263151049613953,0.82631516456604,0.8435654640197754,0.7473320960998535,0.05303296819329262,0.8118188381195068,0.875085175037384
0.9873206615447998,0.8897552490234375,0.8897552490234375,0.8996124267578125,0.8145971894264221,0.030964378267526627,0.8760992288589478,0.9070741534233093,0.9834961891174316,0.825844943523407,0.825844943523407,0.8315100073814392,0.7435284852981567,0.05227792263031006,0.827221155166626,0.8520526885986328
0.9870570302009583,0.8873103857040405,0.8873102068901062,0.8968556523323059,0.8112311959266663,0.031780749559402466,0.874077558517456,0.9040889143943787,0.9822513461112976,0.8153805732727051,0.8153805732727051,0.8274255394935608,0.7314904928207397,0.04990683123469353,0.8099219799041748,0.8550745248794556
0.9848620891571045,0.8761852979660034,0.8761852979660034,0.886261522769928,0.7948833703994751,0.037768371403217316,0.8627251982688904,0.8940560817718506,0.9795545339584351,0.8134089708328247,0.8134089708328247,0.8244189620018005,0.7248672842979431,0.05990363284945488,0.8039906024932861,0.8475878834724426
0.9856792688369751,0.8811408877372742,0.8811408877372742,0.8910108804702759,0.801763117313385,0.03556546941399574,0.8677197694778442,0.898577868938446,0.9796024560928345,0.7769067287445068,0.7769067287445068,0.8133456707000732,0.6892284154891968,0.06344028562307358,0.7480441331863403,0.8807260394096375
0.9869456887245178,0.8882965445518494,0.8882965445518494,0.8979406356811523,0.8120233416557312,0.03181374818086624,0.8749217391014099,0.9052572250366211,0.9819258451461792,0.8033896684646606,0.8033896684646606,0.8238288164138794,0.7168081998825073,0.05241977795958519,0.7871733903884888,0.8621290922164917
0.9874535799026489,0.8921520113945007,0.8921520113945007,0.9017570614814758,0.817686140537262,0.030104229226708412,0.8786506652832031,0.9089755415916443,0.9850834012031555,0.8335564732551575,0.833556592464447,0.8523805737495422,0.7522398233413696,0.04277636110782623,0.8155391812324524,0.8843023180961609
0.9877505302429199,0.8939942717552185,0.893994152545929,0.903719961643219,0.8203688263893127,0.029275262728333473,0.8802242875099182,0.9109790921211243,0.9855197072029114,0.8494669198989868,0.8494669198989868,0.8637931942939758,0.7722996473312378,0.041787080466747284,0.835598349571228,0.8901139497756958
0.9878864884376526,0.8951810002326965,0.8951810002326965,0.9050995707511902,0.8220452666282654,0.02895105443894863,0.8810880184173584,0.9124717116355896,0.9841580986976624,0.851071298122406,0.851071298122406,0.869910717010498,0.7750778198242188,0.042507123202085495,0.8307926058769226,0.9001575708389282
0.9879273772239685,0.8957384824752808,0.8957384824752808,0.9056515097618103,0.8228701949119568,0.02873867191374302,0.8816964030265808,0.9130405783653259,0.9847217202186584,0.8471174836158752,0.8471174836158752,0.8660617470741272,0.7697358131408691,0.0423913300037384,0.8277279138565063,0.8971684575080872
0.9878725409507751,0.8954318761825562,0.8954318761825562,0.9053853750228882,0.8224098682403564,0.0287915151566267,0.8813368082046509,0.9128119945526123,0.9835401177406311,0.832459032535553,0.832459032535553,0.8551535606384277,0.7519870400428772,0.04396543279290199,0.8108298778533936,0.8930475115776062
0.9876360297203064,0.8936678171157837,0.8936678171157837,0.903572678565979,0.8199458718299866,0.02964899130165577,0.8798472285270691,0.9110372066497803,0.980039119720459,0.7857413291931152,0.7857413291931152,0.8121011853218079,0.697066605091095,0.056889742612838745,0.7645367383956909,0.8618953824043274
0.9874765872955322,0.8910136818885803,0.8910136818885803,0.900642454624176,0.8162961602210999,0.030362417921423912,0.8778368234634399,0.9079975485801697,0.9675432443618774,0.7384363412857056,0.7384362816810608,0.7724432349205017,0.6480556130409241,0.08978646248579025,0.7163944244384766,0.8525571227073669
0.9870790243148804,0.8918402791023254,0.8918402791023254,0.9018821120262146,0.8173452019691467,0.030674338340759277,0.8778072595596313,0.9094161987304688,0.9817584753036499,0.8488975763320923,0.8488975763320923,0.8580496907234192,0.7725694179534912,0.050285454839468,0.8441786766052246,0.8805671334266663
0.9872088432312012,0.8928461074829102,0.8928461074829102,0.9029045701026917,0.8188374638557434,0.03032093308866024,0.878688633441925,0.9104212522506714,0.9834100604057312,0.8616564273834229,0.8616563677787781,0.861183762550354,0.784255862236023,0.05054100975394249,0.8703448176383972,0.8748631477355957
0.9876368045806885,0.8948729634284973,0.8948729634284973,0.9048124551773071,0.8218095302581787,0.02926822565495968,0.8808878660202026,0.9122666716575623,0.9840050935745239,0.8592497110366821,0.8592497110366821,0.8753259778022766,0.7835816740989685,0.041481539607048035,0.8401066660881042,0.9009352326393127
0.9878495931625366,0.8966151475906372,0.8966151475906372,0.906852662563324,0.8242552280426025,0.028678160160779953,0.8820947408676147,0.9145019054412842,0.9842976927757263,0.8463001251220703,0.8463001251220703,0.8596418499946594,0.7699341177940369,0.046697456389665604,0.8361861705780029,0.8866137862205505
0.9875399470329285,0.8948396444320679,0.8948397040367126,0.904668390750885,0.8218452334403992,0.02939533442258835,0.880922794342041,0.9120228886604309,0.9849581122398376,0.839090883731842,0.839090883731842,0.8544281125068665,0.761016309261322,0.04629158601164818,0.8263828754425049,0.8845200538635254
0.9878187775611877,0.8951143622398376,0.8951143622398376,0.9050788879394531,0.8222174644470215,0.02880215458571911,0.8810206651687622,0.9125351905822754,0.9851871132850647,0.8584361672401428,0.8584361672401428,0.8731363415718079,0.7842191457748413,0.04188067093491554,0.8428831696510315,0.8993782997131348
0.9877548217773438,0.895294725894928,0.895294725894928,0.9052764773368835,0.8223920464515686,0.02893836982548237,0.881182849407196,0.9127432107925415,0.9849583506584167,0.8568251132965088,0.8568251132965088,0.8652125000953674,0.7809533476829529,0.04386699199676514,0.8492841720581055,0.885161817073822
0.9877220392227173,0.8957512378692627,0.8957513570785522,0.9057155847549438,0.8230895400047302,0.028644826263189316,0.8817036747932434,0.9131936430931091,0.9808307886123657,0.8270502686500549,0.8270502686500549,0.827075719833374,0.7415410280227661,0.06258036941289902,0.8398899435997009,0.8432871103286743
0.987930417060852,0.8967390060424805,0.8967388272285461,0.9065997004508972,0.8245230317115784,0.028159605339169502,0.8828054070472717,0.9139869213104248,0.9851457476615906,0.8528391718864441,0.8528392314910889,0.8618855476379395,0.7740071415901184,0.04336875304579735,0.8444429636001587,0.8826442360877991
0.9879083633422852,0.8967012166976929,0.8967012166976929,0.9068198800086975,0.8245410323143005,0.02832067385315895,0.8823814988136292,0.9144052863121033,0.9818105697631836,0.8235356211662292,0.8235356211662292,0.8406278491020203,0.7406923770904541,0.04914569482207298,0.8098868727684021,0.8734034895896912
0.987916886806488,0.8971192836761475,0.8971192836761475,0.9072738289833069,0.8251858949661255,0.028230085968971252,0.8827701210975647,0.9148823022842407,0.9823490381240845,0.8394837379455566,0.8394837379455566,0.840175449848175,0.756820797920227,0.047388434410095215,0.8454270362854004,0.8551821708679199
0.9878686666488647,0.8975083231925964,0.8975083231925964,0.9076688885688782,0.8258933424949646,0.028234390541911125,0.8831258416175842,0.9152565598487854,0.9717092514038086,0.8004795908927917,0.8004795908927917,0.7875308990478516,0.7091168761253357,0.08576367795467377,0.8429308533668518,0.79416823387146
0.9879223704338074,0.8970001339912415,0.8970001339912415,0.9072981476783752,0.8250235915184021,0.028399161994457245,0.8825032711029053,0.9150468707084656,0.9802998900413513,0.818166196346283,0.8181662559509277,0.8121355175971985,0.7320645451545715,0.05273721367120743,0.8448606729507446,0.8239096999168396
0.9877895712852478,0.8935152292251587,0.8935152292251587,0.9038782119750977,0.8219295740127563,0.03144143521785736,0.8809162378311157,0.9131444692611694,0.9664037227630615,0.6896926760673523,0.6896926760673523,0.704724907875061,0.6021571159362793,0.18804526329040527,0.6869868636131287,0.7413053512573242
0.9874954223632812,0.8334468603134155,0.8334468603134155,0.8781253695487976,0.743747889995575,0.05049661919474602,0.7845578789710999,0.9213699698448181,0.9757189750671387,0.686351478099823,0.686351478099823,0.6955044865608215,0.598686158657074,0.18573692440986633,0.7342972159385681,0.817692220211029
0.9879250526428223,0.8225399255752563,0.8225399255752563,0.8718210458755493,0.7281255722045898,0.053537044674158096,0.7687248587608337,0.9191053509712219,0.9779185652732849,0.7134592533111572,0.7134592533111572,0.7322565317153931,0.6276669502258301,0.11384966224431992,0.7376539707183838,0.8248313665390015
0.9879694581031799,0.8208596706390381,0.8208596706390381,0.8703572750091553,0.7259829640388489,0.053436458110809326,0.7671061754226685,0.9179426431655884,0.9815196990966797,0.7637802362442017,0.7637802362442017,0.7942332625389099,0.6775802373886108,0.07085421681404114,0.7512921094894409,0.8619961738586426
0.9878730773925781,0.8195895552635193,0.8195895552635193,0.8680976033210754,0.7248008847236633,0.053809572011232376,0.7670827507972717,0.9151046276092529,0.9744263291358948,0.7209389805793762,0.7209389805793762,0.7454365491867065,0.6337004899978638,0.08300527185201645,0.7104172706604004,0.7937420010566711
0.985111653804779,0.8056344985961914,0.8056344985961914,0.8524520397186279,0.7067821621894836,0.06221875548362732,0.7545791268348694,0.8967697024345398,0.9551077485084534,0.6670429110527039,0.6670429110527039,0.694328784942627,0.5750115513801575,0.15168267488479614,0.6624678373336792,0.7564550042152405
0.9793280363082886,0.776336669921875,0.776336669921875,0.8184816837310791,0.6717278957366943,0.07991017401218414,0.7311123013496399,0.8599352240562439,0.9348959922790527,0.5008956789970398,0.5008956789970398,0.5011439323425293,0.43515658378601074,0.24149231612682343,0.5100573897361755,0.5155605673789978
0.9837435483932495,0.7971044778823853,0.7971044778823853,0.8441116213798523,0.6959826350212097,0.06585173308849335,0.7470270395278931,0.8899543285369873,0.9730021953582764,0.7398141026496887,0.7398141026496887,0.7702949643135071,0.6425285339355469,0.08870440721511841,0.7236701846122742,0.8262547850608826
0.9853273630142212,0.8054614663124084,0.8054614663124084,0.8532736301422119,0.7054955363273621,0.06178071349859238,0.7538283467292786,0.899259626865387,0.9717371463775635,0.749523937702179,0.7495240569114685,0.7727320194244385,0.6546734571456909,0.09202434122562408,0.7406923770904541,0.8130255937576294
0.9863004684448242,0.8092750906944275,0.8092750906944275,0.8573516011238098,0.7104895114898682,0.05907726660370827,0.756976842880249,0.9033753871917725,0.9821404814720154,0.778066098690033,0.778066098690033,0.8105437755584717,0.687970757484436,0.05852680653333664,0.744762122631073,0.8570272922515869
0.9866995811462402,0.8106192946434021,0.8106192946434021,0.858882486820221,0.7119356393814087,0.058010879904031754,0.7578121423721313,0.9047548770904541,0.9780756235122681,0.7603257894515991,0.7603257894515991,0.7884303331375122,0.6673688292503357,0.07352171093225479,0.7358333468437195,0.8318775296211243
0.9870551824569702,0.812018632888794,0.812018632888794,0.8604884743690491,0.7133369445800781,0.05706198513507843,0.7584569454193115,0.9060694575309753,0.9768837094306946,0.7563970685005188,0.7563970685005188,0.7805525064468384,0.6623385548591614,0.07557082176208496,0.7373682856559753,0.8197980523109436
0.9872698187828064,0.8134162425994873,0.8134162425994873,0.861665666103363,0.7151032090187073,0.05670658126473427,0.7603532671928406,0.907193660736084,0.9733901023864746,0.7404141426086426,0.7404141426086426,0.7629397511482239,0.6457341909408569,0.08643773943185806,0.7257213592529297,0.8009374737739563
0.9873996376991272,0.813783586025238,0.813783586025238,0.8622321486473083,0.7155380845069885,0.056461695581674576,0.7604839205741882,0.9078453183174133,0.9740971922874451,0.744958758354187,0.744958758354187,0.7678115367889404,0.6496079564094543,0.08283919095993042,0.727232813835144,0.8048718571662903
0.9876216053962708,0.8149267435073853,0.8149267435073853,0.8633860945701599,0.7164435386657715,0.05596528947353363,0.7610030770301819,0.9084741473197937,0.9717285633087158,0.7337179183959961,0.7337179183959961,0.7513461709022522,0.6389156579971313,0.08991830050945282,0.7234571576118469,0.7832006216049194
0.9876899123191833,0.8149510622024536,0.8149510622024536,0.8640586733818054,0.716157853603363,0.055723804980516434,0.7598811388015747,0.9091640710830688,0.9709144234657288,0.7338226437568665,0.7338226437568665,0.746618390083313,0.639553427696228,0.09168674051761627,0.7294582724571228,0.7734045386314392
0.9876497983932495,0.8168030381202698,0.8168030381202698,0.8645564913749695,0.7185276746749878,0.05574813485145569,0.7634925842285156,0.9089489579200745,0.9693997502326965,0.7236794233322144,0.7236794233322144,0.7318883538246155,0.629635751247406,0.09694451093673706,0.725371778011322,0.7544662356376648
0.9876896739006042,0.816310465335846,0.816310465335846,0.8649341464042664,0.7172567844390869,0.055692922323942184,0.7611398696899414,0.9091663956642151,0.9703699946403503,0.7320513725280762,0.7320513725280762,0.7421497702598572,0.6375758647918701,0.09196411073207855,0.7302870154380798,0.7664651274681091
0.9876487851142883,0.817205011844635,0.817205011844635,0.8657050728797913,0.7182458639144897,0.05565700680017471,0.7619681358337402,0.9096992015838623,0.971523106098175,0.7396342158317566,0.7396342158317566,0.7498112916946411,0.6447759866714478,0.08816754817962646,0.7362563014030457,0.7737568020820618
0.9874667525291443,0.8186973929405212,0.8186973929405212,0.8657190799713135,0.7198507785797119,0.055869970470666885,0.7651218175888062,0.9083865880966187,0.9699988961219788,0.7487759590148926,0.7487759590148926,0.7537249326705933,0.6530391573905945,0.09262588620185852,0.7548217177391052,0.7731485962867737
0.9874668717384338,0.8173528909683228,0.8173528909683228,0.8649528622627258,0.7182460427284241,0.056246813386678696,0.7630362510681152,0.9081746339797974,0.9708704352378845,0.7429417967796326,0.7429417967796326,0.7682555913925171,0.6444242596626282,0.08913654088973999,0.7233904004096985,0.8091734647750854
0.987047016620636,0.816796064376831,0.816796064376831,0.8629491329193115,0.7176116704940796,0.05692063644528389,0.7639783024787903,0.9046912789344788,0.9486916661262512,0.6543353199958801,0.6543353199958801,0.6732975244522095,0.5543935298919678,0.16736231744289398,0.660892903804779,0.7129451036453247
0.9859334826469421,0.8169232606887817,0.8169232606887817,0.8619586825370789,0.7174361348152161,0.05983640253543854,0.7653710246086121,0.9026676416397095,0.979287326335907,0.7813941836357117,0.7813941836357117,0.8087863326072693,0.6892741918563843,0.06465880572795868,0.7559075355529785,0.8502728939056396
0.9862844944000244,0.8150533437728882,0.8150533437728882,0.8589465022087097,0.7156679630279541,0.05913076549768448,0.7646182775497437,0.8982057571411133,0.9758475422859192,0.7669331431388855,0.7669331431388855,0.7899413108825684,0.6766030788421631,0.0785580426454544,0.7443684339523315,0.826406717300415
0.9865871667861938,0.8153319954872131,0.8153319954872131,0.8595424294471741,0.7160324454307556,0.05808639153838158,0.764917254447937,0.8997629880905151,0.9732871651649475,0.7413411140441895,0.7413411736488342,0.7703221440315247,0.649400532245636,0.0842474177479744,0.7106878757476807,0.8119634389877319
0.987061619758606,0.8205598592758179,0.8205598592758179,0.8639522194862366,0.72141033411026,0.05643393471837044,0.7696818113327026,0.9022047519683838,0.9670039415359497,0.7178307771682739,0.7178307771682739,0.7209564447402954,0.6258088946342468,0.1061052605509758,0.73031085729599,0.7391321063041687
0.9874875545501709,0.8201188445091248,0.8201188445091248,0.8657070398330688,0.7206621170043945,0.05555863305926323,0.7661330699920654,0.9052324295043945,0.9636489748954773,0.7053762078285217,0.7053762078285217,0.7055267095565796,0.6116413474082947,0.1160992980003357,0.7249212861061096,0.7218133211135864
0.9878157377243042,0.8245258927345276,0.824525773525238,0.8701720237731934,0.7258319854736328,0.054412394762039185,0.7702838778495789,0.9095603823661804,0.9803903698921204,0.7949866056442261,0.7949866056442261,0.8106715679168701,0.7039052844047546,0.060921184718608856,0.7793025374412537,0.8379059433937073
0.9880025386810303,0.8294305205345154,0.8294305205345154,0.8738813996315002,0.7316539883613586,0.05347884073853493,0.7762647867202759,0.91214519739151,0.9826357960700989,0.7967548370361328,0.7967547178268433,0.8216931819915771,0.7075884938240051,0.05685951188206673,0.7688145041465759,0.8582333326339722
0.9881826043128967,0.8299694657325745,0.8299694657325745,0.8747887015342712,0.73235023021698,0.05284026265144348,0.7761197686195374,0.9132826924324036,0.9834702014923096,0.7921310663223267,0.7921310663223267,0.8249833583831787,0.7016303539276123,0.056476347148418427,0.7556967735290527,0.8710297346115112
0.9881291389465332,0.831721842288971,0.831721842288971,0.875663161277771,0.7346457242965698,0.05236663669347763,0.778874933719635,0.9134972095489502,0.9841943979263306,0.7797679305076599,0.7797679305076599,0.8255832195281982,0.6846703290939331,0.06366690248250961,0.731339156627655,0.8881763219833374
0.9882119297981262,0.8317067623138428,0.8317067623138428,0.8753860592842102,0.7345804572105408,0.05239279195666313,0.779045820236206,0.912817656993866,0.9787013530731201,0.76888108253479,0.76888108253479,0.7935548424720764,0.674447238445282,0.07174532860517502,0.741418182849884,0.8292174339294434
0.9882522225379944,0.8300416469573975,0.8300416469573975,0.8742650747299194,0.7327495813369751,0.0526111014187336,0.7768611311912537,0.9121978878974915,0.9463409185409546,0.6247063875198364,0.6247063875198364,0.6221996545791626,0.5359477400779724,0.17893296480178833,0.6529629826545715,0.6365504264831543
0.9881174564361572,0.8307307958602905,0.8307308554649353,0.8741503953933716,0.7336525917053223,0.05287174507975578,0.7784385085105896,0.9113439321517944,0.9390170574188232,0.6079603433609009,0.6079603433609009,0.5991362929344177,0.5197343230247498,0.20617100596427917,0.6574880480766296,0.609622061252594
0.9880997538566589,0.8313555121421814,0.8313555121421814,0.8745312094688416,0.7343264222145081,0.05275488644838333,0.7790390849113464,0.9113024473190308,0.977817714214325,0.7791754603385925,0.7791754603385925,0.7924158573150635,0.6881833076477051,0.06820587068796158,0.7664350867271423,0.8174020051956177
0.9878923892974854,0.8300808072090149,0.8300808072090149,0.8733096718788147,0.732730507850647,0.0529782734811306,0.7775699496269226,0.9100440144538879,0.9784706234931946,0.7801077365875244,0.7801077365875244,0.8207592964172363,0.6864707469940186,0.0691041573882103,0.7349402904510498,0.8717493414878845
0.9875925779342651,0.8300050497055054,0.8300050497055054,0.8728976845741272,0.7326206564903259,0.05356281250715256,0.777897298336029,0.9094136953353882,0.9768849015235901,0.7665231823921204,0.7665231823921204,0.8170738816261292,0.670314371585846,0.07630670070648193,0.7145360708236694,0.8833043575286865
0.9876407384872437,0.8319389820098877,0.8319389820098877,0.8742278218269348,0.7349103689193726,0.05311576649546623,0.7802356481552124,0.9099954962730408,0.9806779026985168,0.7816363573074341,0.7816363573074341,0.8115375638008118,0.6907041668891907,0.06477384269237518,0.7506042122840881,0.8561768531799316
0.9873977899551392,0.8277297616004944,0.8277297019958496,0.8704541921615601,0.7298869490623474,0.054256193339824677,0.7758707404136658,0.9068639874458313,0.9526476860046387,0.636736273765564,0.636736273765564,0.6361044645309448,0.5525354146957397,0.1649436354637146,0.6563100218772888,0.6509981751441956
0.9853702187538147,0.8167482614517212,0.8167482614517212,0.8570177555084229,0.7171632051467896,0.05972914770245552,0.7683309316635132,0.891880214214325,0.9108957648277283,0.38993290066719055,0.38993287086486816,0.3956244885921478,0.36105769872665405,0.4131273627281189,0.4045861065387726,0.4132743179798126
0.9819280505180359,0.7924408912658691,0.7924408912658691,0.8289576768875122,0.6910232901573181,0.07012449204921722,0.7494944334030151,0.861383855342865,0.9576838612556458,0.6647924780845642,0.6647924780845642,0.6827328205108643,0.5735597014427185,0.13083554804325104,0.6587569713592529,0.7180138230323792
0.9834865927696228,0.8092395663261414,0.8092395663261414,0.8491736054420471,0.7075098156929016,0.06532680988311768,0.7618916630744934,0.8842744827270508,0.9783070683479309,0.7543938755989075,0.7543938755989075,0.8090776205062866,0.6581045389175415,0.07840651273727417,0.700943648815155,0.8868981599807739
0.9856254458427429,0.8182592988014221,0.8182592988014221,0.859152615070343,0.7187888622283936,0.05883881077170372,0.7692604660987854,0.8946664333343506,0.9722833037376404,0.7270961403846741,0.7270961403846741,0.7522760033607483,0.6321947574615479,0.0944119393825531,0.7067958116531372,0.7967007756233215
0.9859960079193115,0.8205762505531311,0.8205763101577759,0.8615890145301819,0.7217653393745422,0.05719643831253052,0.7713159918785095,0.8970311880111694,0.9825673699378967,0.7845912575721741,0.7845912575721741,0.8180293440818787,0.6928751468658447,0.062362439930438995,0.7473783493041992,0.8645956516265869
0.986522376537323,0.8249653577804565,0.8249653577804565,0.865785539150238,0.7272800803184509,0.0554388202726841,0.7757502794265747,0.9011849761009216,0.9809157252311707,0.7780851721763611,0.7780851721763611,0.8056240677833557,0.6844258904457092,0.06734628230333328,0.7484245300292969,0.8467715382575989
0.9868137836456299,0.8276508450508118,0.8276508450508118,0.868596076965332,0.730524480342865,0.05442768707871437,0.7780138254165649,0.90366530418396,0.980595588684082,0.7747741341590881,0.7747741341590881,0.8018212914466858,0.6806731224060059,0.06701838970184326,0.7453173398971558,0.8419811129570007
0.9867939949035645,0.8288457989692688,0.8288457989692688,0.8695610165596008,0.7322733402252197,0.05405685678124428,0.7796659469604492,0.9047582745552063,0.9814122915267944,0.7570146322250366,0.7570146918296814,0.7956114411354065,0.6588951945304871,0.07501491904258728,0.7153876423835754,0.8493790626525879
0.9870124459266663,0.8294886350631714,0.8294886350631714,0.8701226711273193,0.7332936525344849,0.05355671048164368,0.7804609537124634,0.9052884578704834,0.9808713793754578,0.7673435211181641,0.7673435211181641,0.8005995750427246,0.6711781620979309,0.0704045295715332,0.7305580973625183,0.847257673740387
0.9871680736541748,0.8299117088317871,0.8299117088317871,0.8710358142852783,0.7338783144950867,0.053113218396902084,0.7802876234054565,0.9065061807632446,0.9799528121948242,0.7672356963157654,0.7672356963157654,0.796562135219574,0.6711722016334534,0.07107485085725784,0.7344502806663513,0.8381349444389343
0.9871758818626404,0.8315954804420471,0.8315954804420471,0.8716110587120056,0.7363890409469604,0.05285031348466873,0.7836243510246277,0.9066641330718994,0.9793702363967896,0.7676053643226624,0.7676053643226624,0.7950568795204163,0.6728325486183167,0.07131794095039368,0.7376165986061096,0.8355616331100464
0.9873145222663879,0.8313127756118774,0.8313127756118774,0.8719297051429749,0.7361369729042053,0.05247423052787781,0.7824968099594116,0.907385528087616,0.9788500666618347,0.7716954350471497,0.7716954350471497,0.7984746694564819,0.6775437593460083,0.07026364654302597,0.7435882091522217,0.8386330008506775
0.9872647523880005,0.8326215744018555,0.8326215744018555,0.8726975917816162,0.7377521991729736,0.05222199484705925,0.7842755913734436,0.907401442527771,0.9788949489593506,0.7894711494445801,0.7894711494445801,0.8094169497489929,0.6983474493026733,0.06787486374378204,0.7703269720077515,0.8422210216522217
0.9873417615890503,0.8326343297958374,0.8326343297958374,0.8729999661445618,0.737908661365509,0.051984257996082306,0.7840507626533508,0.9081518650054932,0.9781301021575928,0.7821650505065918,0.7821650505065918,0.8033671379089355,0.6902132630348206,0.06827971339225769,0.7627679109573364,0.8386988639831543
0.9873138070106506,0.833929717540741,0.833929717540741,0.8734362125396729,0.7398131489753723,0.0519082173705101,0.786501407623291,0.9081255793571472,0.9800287485122681,0.7946898937225342,0.7946898937225342,0.8111891150474548,0.7051424980163574,0.06423366069793701,0.7793263792991638,0.8418379426002502
0.9874133467674255,0.8328988552093506,0.8328988552093506,0.8729979991912842,0.7387123107910156,0.05159497633576393,0.7847707867622375,0.9080641865730286,0.9801113605499268,0.7888410687446594,0.7888410687446594,0.8102694749832153,0.6976358890533447,0.06369361281394958,0.767875075340271,0.8465018272399902
0.9873267412185669,0.8328519463539124,0.8328519463539124,0.8729705214500427,0.7387900948524475,0.051893673837184906,0.7846765518188477,0.9080274105072021,0.9804061651229858,0.7919823527336121,0.7919823527336121,0.8148415684700012,0.7006573677062988,0.06113654375076294,0.7702076435089111,0.8538874983787537
0.9868038892745972,0.829136073589325,0.829136073589325,0.8679482340812683,0.7350839376449585,0.05408887565135956,0.7831873297691345,0.902431070804596,0.9778966903686523,0.7703030705451965,0.7703030705451965,0.795272707939148,0.6799067258834839,0.06612855195999146,0.7444078326225281,0.8342614769935608
0.9867576956748962,0.8300303816795349,0.8300303816795349,0.869682252407074,0.7356908321380615,0.05394210293889046,0.783255934715271,0.904987096786499,0.9832217693328857,0.7943556904792786,0.7943556904792786,0.8293069005012512,0.7042872309684753,0.060366492718458176,0.7571302652359009,0.8779321312904358
0.9867045283317566,0.8291404843330383,0.8291404843330383,0.8681871294975281,0.7348442673683167,0.053977418690919876,0.7825457453727722,0.9027228355407715,0.9809103608131409,0.7897765636444092,0.7897765636444092,0.8206732273101807,0.6985150575637817,0.06931509077548981,0.7587072253227234,0.8657787442207336
0.9866483211517334,0.8316337466239929,0.8316337466239929,0.871182382106781,0.7373661994934082,0.0530819445848465,0.7844056487083435,0.9061155915260315,0.9762527942657471,0.7536715269088745,0.7536715269088745,0.7718226909637451,0.6583807468414307,0.07398977875709534,0.7413908839225769,0.8058932423591614
0.9870755076408386,0.8348768353462219,0.8348768353462219,0.8737231492996216,0.7416241765022278,0.05184304714202881,0.7884147763252258,0.9077115654945374,0.981878399848938,0.7841002941131592,0.7841001749038696,0.8118903636932373,0.6936008930206299,0.06084589660167694,0.754317581653595,0.8539841175079346
0.9874006509780884,0.8342127203941345,0.8342127203941345,0.8731980323791504,0.7407329082489014,0.05099229887127876,0.7875825762748718,0.9074083566665649,0.976917564868927,0.7480263710021973,0.7480263710021973,0.7831020355224609,0.6531542539596558,0.08002665638923645,0.7157205939292908,0.8400688171386719
0.9872515797615051,0.8329020738601685,0.8329020738601685,0.8717545866966248,0.7394087314605713,0.0517440140247345,0.7866389155387878,0.9061148166656494,0.9749440550804138,0.7422558665275574,0.7422558069229126,0.7743737101554871,0.6460035443305969,0.08683972805738449,0.7127006649971008,0.8284942507743835
0.9874011874198914,0.8325095772743225,0.8325095772743225,0.8714033365249634,0.7390608191490173,0.0513710081577301,0.785920262336731,0.9055800437927246,0.9650126099586487,0.6970012187957764,0.6970012187957764,0.7166792154312134,0.5996521711349487,0.11459452658891678,0.6777752041816711,0.751288652420044
0.9873422980308533,0.8310005068778992,0.8310005068778992,0.8690699934959412,0.737611711025238,0.051728520542383194,0.7856481671333313,0.9029021859169006,0.9723596572875977,0.759777307510376,0.759777307510376,0.7735171318054199,0.6659445762634277,0.08425290882587433,0.7518997192382812,0.8027139902114868
0.9872945547103882,0.833243191242218,0.833243191242218,0.8719731569290161,0.7401271462440491,0.05117961764335632,0.7870323657989502,0.9061470627784729,0.9797383546829224,0.7913250923156738,0.7913250923156738,0.8303057551383972,0.7010079622268677,0.062090352177619934,0.7477853298187256,0.8816778063774109
0.9875536561012268,0.834739625453949,0.834739625453949,0.8733460903167725,0.7421116232872009,0.0505722239613533,0.7886476516723633,0.9072912335395813,0.9803519248962402,0.7775711417198181,0.7775711417198181,0.8097279071807861,0.6878829002380371,0.06284365057945251,0.7419562935829163,0.8550254702568054
0.987703263759613,0.8366931676864624,0.8366932272911072,0.8750443458557129,0.7445489764213562,0.04978428781032562,0.7908511757850647,0.9088112711906433,0.9676868915557861,0.717282235622406,0.717282235622406,0.7301807999610901,0.6255524158477783,0.10214125365018845,0.7122803926467896,0.7585656642913818
0.9877974390983582,0.8374782204627991,0.8374782204627991,0.8751275539398193,0.7456331253051758,0.0495433546602726,0.7923917770385742,0.9082855582237244,0.9674688577651978,0.7241902351379395,0.7241902351379395,0.7422170042991638,0.6297609806060791,0.10576806962490082,0.7159711122512817,0.7772716283798218
0.9879820346832275,0.8377974033355713,0.8377974033355713,0.8760170936584473,0.7463380694389343,0.049234021455049515,0.792187511920929,0.9096723198890686,0.9811771512031555,0.7853580713272095,0.7853580713272095,0.8157980442047119,0.6942955255508423,0.06316599994897842,0.7566820979118347,0.866042971611023
0.9880168437957764,0.8380441069602966,0.8380441069602966,0.8761124014854431,0.7467037439346313,0.04894457384943962,0.7925410866737366,0.9096246957778931,0.9806621074676514,0.7881993055343628,0.7881993055343628,0.8228812217712402,0.7001723647117615,0.05770321935415268,0.7543961405754089,0.8793393969535828
0.987783670425415,0.8395591378211975,0.8395591378211975,0.8762578964233398,0.7486711740493774,0.04910274222493172,0.7957348227500916,0.9088059067726135,0.9810540080070496,0.7922452092170715,0.7922452092170715,0.8255439400672913,0.7038692831993103,0.05940486863255501,0.7581113576889038,0.876670777797699
0.9878612160682678,0.8390228152275085,0.8390228152275085,0.8765849471092224,0.748384416103363,0.048989247530698776,0.7942955493927002,0.90994793176651,0.9815151691436768,0.7826917767524719,0.7826917767524719,0.822462260723114,0.6933795809745789,0.05854135379195213,0.7421056628227234,0.8828469514846802
0.9877945780754089,0.839133620262146,0.839133620262146,0.876822829246521,0.7485154867172241,0.049088940024375916,0.7943469285964966,0.9102808833122253,0.9803096055984497,0.7561230659484863,0.7561230659484863,0.790046751499176,0.6619153022766113,0.07526867836713791,0.7226060628890991,0.8447701930999756
0.9877890348434448,0.8388201594352722,0.8388201594352722,0.8762452006340027,0.7480150461196899,0.04909640550613403,0.7943681478500366,0.9095034003257751,0.9716983437538147,0.7225483059883118,0.7225483059883118,0.7515583634376526,0.6267762184143066,0.09247779101133347,0.6946802735328674,0.7990159392356873
0.9874842166900635,0.8385146260261536,0.8385146260261536,0.8759132027626038,0.7478192448616028,0.04977824166417122,0.794283390045166,0.9092597961425781,0.9829832315444946,0.7659575343132019,0.7659575939178467,0.8100454807281494,0.668921172618866,0.07258155941963196,0.7215570211410522,0.8752400279045105
0.9873965978622437,0.8381174802780151,0.8381174802780151,0.8750430941581726,0.7473324537277222,0.05005185678601265,0.7944255471229553,0.9078879952430725,0.9825050234794617,0.7872006297111511,0.7872006297111511,0.8249548077583313,0.6964880228042603,0.05782667174935341,0.7466900944709778,0.8785324096679688
0.9872258305549622,0.8372134566307068,0.8372134566307068,0.8734599947929382,0.7468995451927185,0.05071564018726349,0.794404923915863,0.9059277772903442,0.975078821182251,0.7460784912109375,0.7460784316062927,0.7914302349090576,0.6506634950637817,0.09690738469362259,0.709661066532135,0.8709920644760132
0.9867534041404724,0.8341923952102661,0.8341925740242004,0.8699893355369568,0.7426808476448059,0.052005745470523834,0.7921245694160461,0.902252197265625,0.976718544960022,0.7595597505569458,0.7595597505569458,0.7754226326942444,0.6728523969650269,0.07138126343488693,0.7492664456367493,0.8085736036300659
0.9865405559539795,0.8343811631202698,0.8343811631202698,0.8695350289344788,0.7422707676887512,0.05221900716423988,0.7926450371742249,0.9009368419647217,0.9628502726554871,0.7038602232933044,0.7038602232933044,0.6986978054046631,0.611899733543396,0.11699656397104263,0.7348390817642212,0.7140229940414429
0.9865139126777649,0.8320370316505432,0.8320369124412537,0.8671993017196655,0.7394510507583618,0.05232901871204376,0.790370762348175,0.8986046314239502,0.9667966365814209,0.7137669324874878,0.7137669324874878,0.7231067419052124,0.6275814175605774,0.11738801747560501,0.7202785611152649,0.7490071058273315
0.984032392501831,0.8224525451660156,0.8224526047706604,0.8564315438270569,0.7273804545402527,0.05972154065966606,0.7828338146209717,0.8872199654579163,0.9235886335372925,0.5570866465568542,0.5570866465568542,0.5565119385719299,0.4809827208518982,0.3025640547275543,0.6134107112884521,0.5734583735466003
0.985106348991394,0.8233562111854553,0.8233560919761658,0.8566451072692871,0.7294865250587463,0.05640675500035286,0.7839685678482056,0.886470377445221,0.9181295037269592,0.5168668627738953,0.5168668627738953,0.5188642144203186,0.4530144929885864,0.3090364634990692,0.5568552017211914,0.5355930924415588
0.9848755598068237,0.8226490616798401,0.8226490616798401,0.8549633622169495,0.7286876440048218,0.05693460628390312,0.7845866084098816,0.8840178847312927,0.979257345199585,0.7435474991798401,0.7435474395751953,0.7883629202842712,0.6463539004325867,0.08234293758869171,0.6974359154701233,0.8495312333106995
0.9860108494758606,0.828237771987915,0.8282376527786255,0.8624358177185059,0.7350912094116211,0.05412451550364494,0.7879912853240967,0.8930100798606873,0.9825948476791382,0.7955814003944397,0.7955814003944397,0.8303610682487488,0.709515392780304,0.0577845573425293,0.7616003155708313,0.8869719505310059
0.9865213632583618,0.8346230983734131,0.8346230983734131,0.8688950538635254,0.7427811026573181,0.052161816507577896,0.7939869165420532,0.8993440866470337,0.9825295805931091,0.8033142685890198,0.8033142685890198,0.8353066444396973,0.7170364260673523,0.055182646960020065,0.7720558643341064,0.8854884505271912
0.9870272278785706,0.836602509021759,0.836602509021759,0.8709873557090759,0.7453081011772156,0.0508088655769825,0.7955801486968994,0.901374101638794,0.981721818447113,0.8023373484611511,0.8023374676704407,0.8265323638916016,0.715599536895752,0.05695153772830963,0.7791019082069397,0.8659120202064514
0.9870251417160034,0.8384533524513245,0.8384533524513245,0.8724152445793152,0.747715413570404,0.05053119733929634,0.7981212735176086,0.9024882912635803,0.9818363785743713,0.8038143515586853,0.8038143515586853,0.8250828981399536,0.7165824770927429,0.05657699331641197,0.7816019654273987,0.8596900701522827
0.9872074127197266,0.8391244411468506,0.8391244411468506,0.8735118508338928,0.7485187649726868,0.04989935830235481,0.7978779077529907,0.9037016034126282,0.9813117980957031,0.7874797582626343,0.7874797582626343,0.8213717937469482,0.6984049081802368,0.05778602138161659,0.7514449954032898,0.8717818260192871
0.9873169660568237,0.8404079675674438,0.8404079079627991,0.8744595646858215,0.7500942349433899,0.04951711744070053,0.7994956374168396,0.9043335318565369,0.9832301735877991,0.7916674613952637,0.7916674613952637,0.8243219256401062,0.7027111649513245,0.0603482648730278,0.7573310732841492,0.8733494877815247
0.9874230623245239,0.8405438661575317,0.840543806552887,0.8746485114097595,0.7502414584159851,0.049177318811416626,0.7996551394462585,0.9044498205184937,0.982292890548706,0.7957834005355835,0.7957834005355835,0.8207278251647949,0.7081311345100403,0.05919083207845688,0.7708944082260132,0.8615565299987793
0.9874585270881653,0.8425059914588928,0.8425059914588928,0.8765310049057007,0.7527851462364197,0.04878479614853859,0.8015722036361694,0.9062732458114624,0.9829306602478027,0.7916690111160278,0.7916690111160278,0.8169065713882446,0.7027369737625122,0.06374461203813553,0.7667703032493591,0.8587794303894043
0.9874815344810486,0.8426738381385803,0.8426737189292908,0.8764675855636597,0.7530234456062317,0.04882495477795601,0.8020251989364624,0.9060755968093872,0.9825490713119507,0.7650327086448669,0.7650327086448669,0.8037695288658142,0.6748626232147217,0.07310224324464798,0.7303512692451477,0.8743101358413696
0.9873920679092407,0.8404359817504883,0.8404359817504883,0.8741059303283691,0.7502378225326538,0.04927465692162514,0.7998892068862915,0.9035751819610596,0.9807188510894775,0.749493420124054,0.749493420124054,0.7981309294700623,0.6525245308876038,0.08925400674343109,0.7051348686218262,0.877491295337677
0.9871695637702942,0.8384782671928406,0.8384782671928406,0.8719455003738403,0.7481536865234375,0.05024997144937515,0.7983964681625366,0.9014600515365601,0.9781914353370667,0.7908644676208496,0.7908644676208496,0.8146142363548279,0.7014115452766418,0.07042686641216278,0.7714698910713196,0.855067789554596
0.9871885776519775,0.8433966636657715,0.8433965444564819,0.8766192197799683,0.7539945244789124,0.04939206317067146,0.8034469485282898,0.9057092070579529,0.9682698249816895,0.7277523279190063,0.7277523279190063,0.7455792427062988,0.6356735229492188,0.10257216542959213,0.7211421132087708,0.7787705659866333
0.9872040748596191,0.8420671820640564,0.8420671224594116,0.8751145005226135,0.7523178458213806,0.04933641478419304,0.8022356033325195,0.9039420485496521,0.9755231142044067,0.7701528072357178,0.7701528072357178,0.7897124886512756,0.6818792223930359,0.07984846085309982,0.7568058967590332,0.8287059664726257
0.987180233001709,0.8394098281860352,0.8394098281860352,0.8721269965171814,0.7492935061454773,0.04984789341688156,0.8000819087028503,0.9006674289703369,0.9804189205169678,0.7963453531265259,0.7963452935218811,0.8092672824859619,0.7132691144943237,0.05934155359864235,0.7852029204368591,0.8358952403068542
0.9872639179229736,0.8429204225540161,0.8429206013679504,0.8754547238349915,0.7537685632705688,0.04928814619779587,0.803776741027832,0.9038273096084595,0.9808771014213562,0.7823764681816101,0.7823764681816101,0.8053415417671204,0.6945338249206543,0.06374768167734146,0.7600393295288086,0.8444193005561829
0.9872207641601562,0.8400893211364746,0.8400893211364746,0.8723943829536438,0.7501920461654663,0.05002487823367119,0.8013062477111816,0.9007061123847961,0.9714637398719788,0.7643610239028931,0.7643610239028931,0.773045003414154,0.6727290153503418,0.09528005123138428,0.7705169916152954,0.7995458245277405
0.9869613647460938,0.8416993618011475,0.8416993021965027,0.8743400573730469,0.7519086599349976,0.050096362829208374,0.8023941516876221,0.9029250741004944,0.9444224238395691,0.6186172962188721,0.6186172962188721,0.6360862255096436,0.5244334936141968,0.2360529601573944,0.6487026810646057,0.6947063207626343
0.9868789315223694,0.8432158827781677,0.8432158827781677,0.8754377961158752,0.7538300156593323,0.05020984262228012,0.8040701150894165,0.9034100770950317,0.9622393846511841,0.7377636432647705,0.7377636432647705,0.7402672171592712,0.645903468132019,0.11921345442533493,0.7539054155349731,0.7600885629653931
0.9868448972702026,0.8407590985298157,0.8407590985298157,0.8720558285713196,0.7506599426269531,0.05063725635409355,0.8031483292579651,0.8994044661521912,0.9711360931396484,0.7667852640151978,0.7667852640151978,0.7809112071990967,0.6776406764984131,0.08577103912830353,0.7583029866218567,0.8128165602684021
0.9865472912788391,0.8441522121429443,0.8441522121429443,0.8759729862213135,0.7555272579193115,0.05109388381242752,0.8053327798843384,0.9034397006034851,0.980396032333374,0.7756190299987793,0.7756190299987793,0.8016017079353333,0.6851994395256042,0.06068161875009537,0.7495923042297363,0.8433374762535095
0.9869123697280884,0.8449064493179321,0.8449064493179321,0.8765283823013306,0.7556637525558472,0.04989098757505417,0.8064268231391907,0.9038665294647217,0.9688632488250732,0.7353854775428772,0.7353854775428772,0.759002149105072,0.6411503553390503,0.0975639745593071,0.7202438712120056,0.8033449053764343
0.986835777759552,0.84293532371521,0.8429354429244995,0.8745350241661072,0.7531471848487854,0.05035030096769333,0.8050987720489502,0.9021678566932678,0.9643717408180237,0.728672444820404,0.728672444820404,0.7469139695167542,0.6327018141746521,0.11321709305047989,0.7189450263977051,0.782350480556488
0.987038254737854,0.8457834720611572,0.8457834720611572,0.8770459294319153,0.7566421031951904,0.048996537923812866,0.8076640963554382,0.9039884805679321,0.9826538562774658,0.7682966589927673,0.7682966589927673,0.8090404272079468,0.6755631566047668,0.06282840669155121,0.7270864844322205,0.8677001595497131
0.9872888326644897,0.8448113799095154,0.8448113799095154,0.8760074377059937,0.75547194480896,0.04905562475323677,0.8068057298660278,0.9029253721237183,0.9741842746734619,0.7574460506439209,0.7574459314346313,0.7716985940933228,0.6675994396209717,0.0820695236325264,0.7510180473327637,0.8034156560897827
0.9871189594268799,0.8466331958770752,0.8466331958770752,0.8778136372566223,0.7576903700828552,0.04893868416547775,0.8084230422973633,0.9046220183372498,0.9580926299095154,0.7059751152992249,0.7059751152992249,0.697080671787262,0.6115240454673767,0.16335125267505646,0.7522482872009277,0.7080304026603699
0.9872414469718933,0.8483365774154663,0.8483365774154663,0.8793743848800659,0.7599020004272461,0.04819377884268761,0.8101230263710022,0.9058697819709778,0.9797103404998779,0.8035649061203003,0.8035649061203003,0.8084867596626282,0.714667022228241,0.06465362757444382,0.8057549595832825,0.829047441482544
0.987506628036499,0.8491110801696777,0.8491110801696777,0.8800184726715088,0.7607492804527283,0.04747960716485977,0.8109756112098694,0.9062702059745789,0.9799495935440063,0.7941741347312927,0.7941741347312927,0.8151893615722656,0.7040020823478699,0.057510316371917725,0.7708333134651184,0.8484988212585449
0.9875869154930115,0.8488348126411438,0.8488348126411438,0.8799158930778503,0.7604631185531616,0.047478873282670975,0.8104812502861023,0.9063738584518433,0.9797310829162598,0.7925910949707031,0.7925910949707031,0.8138959407806396,0.701981246471405,0.061812106519937515,0.7717865109443665,0.8494642972946167
0.9875684380531311,0.8493525385856628,0.8493525385856628,0.8803442120552063,0.7610956430435181,0.04737855866551399,0.8112273216247559,0.9067371487617493,0.9806796312332153,0.8014020323753357,0.8014020323753357,0.8172410726547241,0.7137940526008606,0.05849107727408409,0.7871050834655762,0.8471153378486633
0.9875698089599609,0.8496387600898743,0.8496387600898743,0.8803836107254028,0.7612928152084351,0.047278258949518204,0.8115571737289429,0.9063938856124878,0.97784823179245,0.7777063846588135,0.7777063846588135,0.7851994633674622,0.6892003417015076,0.06521832197904587,0.7773286700248718,0.8092301487922668
0.9876010417938232,0.8505402207374573,0.8505402207374573,0.8807999491691589,0.7626432180404663,0.04711602255702019,0.8130725622177124,0.9063858389854431,0.9796254634857178,0.7875440120697021,0.7875441312789917,0.7978774309158325,0.6976593136787415,0.0640086978673935,0.7809932827949524,0.8229629397392273
0.9879165887832642,0.8512985110282898,0.8512985110282898,0.8816658854484558,0.7635063529014587,0.04628659784793854,0.8134936690330505,0.9072218537330627,0.9815954566001892,0.8058966994285583,0.8058966994285583,0.8313412666320801,0.7169355154037476,0.05857298523187637,0.7803535461425781,0.8720343112945557
0.9878731369972229,0.8523709774017334,0.8523709774017334,0.8828462362289429,0.764857828617096,0.046242255717515945,0.8145390748977661,0.9085551500320435,0.9807292819023132,0.8166556358337402,0.8166556358337402,0.8348819613456726,0.7310715317726135,0.05357123911380768,0.8004581928253174,0.8683733940124512
0.9879224300384521,0.8534078598022461,0.8534078598022461,0.8838005661964417,0.7660533785820007,0.04603533074259758,0.8154827356338501,0.9093206524848938,0.9793763160705566,0.8049834370613098,0.8049834370613098,0.8250166773796082,0.7197833061218262,0.05865175649523735,0.787925124168396,0.861747682094574
0.9879158735275269,0.8537879586219788,0.8537879586219788,0.8840926289558411,0.7665201425552368,0.04592675715684891,0.8158231973648071,0.9094352722167969,0.979996383190155,0.7662310600280762,0.7662310600280762,0.788445234298706,0.6736193299293518,0.0693320482969284,0.740933895111084,0.8216958045959473
0.9878554344177246,0.8532772660255432,0.8532772660255432,0.8830648064613342,0.7659305930137634,0.046140287071466446,0.8160498738288879,0.9080387353897095,0.9674527049064636,0.7231341004371643,0.7231341004371643,0.7387885451316833,0.6295943260192871,0.10222244262695312,0.7126381397247314,0.7675065398216248
0.9877158403396606,0.8526151180267334,0.8526151180267334,0.8824233412742615,0.7652323246002197,0.046747613698244095,0.8156587481498718,0.9076132774353027,0.9761962890625,0.7813307046890259,0.7813306450843811,0.7966694831848145,0.6895360350608826,0.07546206563711166,0.7701660394668579,0.8261563777923584
0.9876560568809509,0.852346658706665,0.8523467183113098,0.8818539381027222,0.764911413192749,0.04664236307144165,0.8153940439224243,0.9065871834754944,0.9788620471954346,0.7903549671173096,0.7903549671173096,0.7995644807815552,0.7002458572387695,0.06728889048099518,0.7868468761444092,0.8240748047828674
0.9871663451194763,0.8514454960823059,0.8514454960823059,0.8800942301750183,0.7634704113006592,0.04771553352475166,0.8156006336212158,0.9041143655776978,0.9816988706588745,0.7823438048362732,0.7823438048362732,0.8088206052780151,0.6910839676856995,0.060865368694067,0.7521662712097168,0.8474013805389404
0.9862517714500427,0.8445596098899841,0.8445596098899841,0.8726793527603149,0.7546492218971252,0.05107453092932701,0.8094503879547119,0.8963161706924438,0.9767814874649048,0.7664282917976379,0.7664282917976379,0.8079429268836975,0.6743130683898926,0.0762985348701477,0.7308269739151001,0.8714483380317688
0.9860822558403015,0.8438010811805725,0.8438010811805725,0.8717107772827148,0.7536627054214478,0.05156984180212021,0.808966875076294,0.8952569961547852,0.9621183276176453,0.6739605665206909,0.6739605665206909,0.6621206998825073,0.5934537649154663,0.14127515256404877,0.7137920260429382,0.6686481833457947
0.9772173166275024,0.8007089495658875,0.8007089495658875,0.8259498476982117,0.6987552046775818,0.07809602469205856,0.7706873416900635,0.8478600382804871,0.9617384672164917,0.6770970821380615,0.6770971417427063,0.6613755226135254,0.5847079157829285,0.11964097619056702,0.7291855216026306,0.666650652885437
0.9801144003868103,0.8168736100196838,0.8168736100196838,0.8431985378265381,0.7174729704856873,0.0682469829916954,0.7847469449043274,0.8655956387519836,0.9669184684753418,0.7364983558654785,0.7364983558654785,0.735177755355835,0.6434921622276306,0.09465935081243515,0.753853976726532,0.749992847442627
0.982108473777771,0.8273594975471497,0.8273594975471497,0.8538122177124023,0.7308911085128784,0.06192806735634804,0.7946439385414124,0.8761236667633057,0.9757962822914124,0.7744251489639282,0.7744251489639282,0.7887511849403381,0.6812376379966736,0.06928647309541702,0.763870120048523,0.8174986839294434
0.9832198023796082,0.8341718316078186,0.8341718316078186,0.8609035611152649,0.7392274141311646,0.05863894894719124,0.8008009195327759,0.8832887411117554,0.9769288897514343,0.7884350419044495,0.7884349822998047,0.8016024231910706,0.6955221891403198,0.06349650025367737,0.7799246311187744,0.8302575945854187
0.9837009906768799,0.837280809879303,0.837280809879303,0.8642569184303284,0.743159830570221,0.05729328840970993,0.8036900162696838,0.8868892788887024,0.9771794080734253,0.7887019515037537,0.7887019515037537,0.8011431694030762,0.6949657201766968,0.06506690382957458,0.7827273011207581,0.8295865058898926
0.9840671420097351,0.8399609327316284,0.8399609327316284,0.8669053912162781,0.746527373790741,0.05604296922683716,0.8062503933906555,0.8894132375717163,0.9785243272781372,0.7934316396713257,0.7934316396713257,0.8076911568641663,0.7008765339851379,0.06652729958295822,0.7837460041046143,0.8375914692878723
0.9842877388000488,0.8421883583068848,0.8421883583068848,0.8686719536781311,0.7492576241493225,0.0553346686065197,0.8090671896934509,0.8908073306083679,0.9785812497138977,0.7894623875617981,0.7894623875617981,0.8033758997917175,0.6966152191162109,0.06591897457838058,0.7797300219535828,0.8328949809074402
0.9846273064613342,0.843540608882904,0.843540608882904,0.8702651858329773,0.7509487867355347,0.054662249982357025,0.8101119995117188,0.8926225900650024,0.9773616790771484,0.7804617285728455,0.7804617881774902,0.7923449277877808,0.6862697005271912,0.06867554038763046,0.7748886346817017,0.820539116859436
0.9849095344543457,0.8450078964233398,0.8450078964233398,0.8718092441558838,0.7527912259101868,0.05366705358028412,0.8110335469245911,0.8938958048820496,0.9756079316139221,0.7809745669364929,0.7809745669364929,0.7904947400093079,0.6860822439193726,0.06681232899427414,0.7776861190795898,0.8149769902229309
0.984960675239563,0.8461788296699524,0.8461788296699524,0.8726500868797302,0.7542501091957092,0.05340343341231346,0.8129842877388,0.8946542143821716,0.9751861691474915,0.7793639302253723,0.7793639302253723,0.7902376651763916,0.684441089630127,0.06635954231023788,0.7737388014793396,0.8157998919487
0.9852117896080017,0.8470693230628967,0.8470693230628967,0.8736361861228943,0.7553694248199463,0.05289719998836517,0.8136672377586365,0.8957323431968689,0.9781762957572937,0.786169171333313,0.7861691117286682,0.800341010093689,0.6924624443054199,0.064471036195755,0.7757400870323181,0.8290022611618042
0.9852697849273682,0.8475781679153442,0.8475781679153442,0.8740860819816589,0.7559952139854431,0.0528397299349308,0.8142959475517273,0.8961487412452698,0.9767442345619202,0.7849094867706299,0.7849094867706299,0.7939985394477844,0.6903377771377563,0.06659228354692459,0.781883180141449,0.8173462152481079
0.9852769374847412,0.8491066098213196,0.8491066098213196,0.8747836351394653,0.7578753232955933,0.0526106096804142,0.8171939253807068,0.8963118195533752,0.9777733683586121,0.7855823636054993,0.7855823636054993,0.7987407445907593,0.6916157007217407,0.06490886211395264,0.7758678793907166,0.8255801200866699
0.9854824542999268,0.8493326902389526,0.8493326902389526,0.8754242062568665,0.7581865191459656,0.05215878039598465,0.816649317741394,0.8971747756004333,0.9793123006820679,0.7953025102615356,0.7953025102615356,0.8113934993743896,0.7030847072601318,0.0627361461520195,0.7804823517799377,0.8405579924583435
0.9856274127960205,0.8496895432472229,0.8496895432472229,0.8762256503105164,0.7586588263511658,0.05175585299730301,0.8159931898117065,0.8980979323387146,0.9786595106124878,0.7899665832519531,0.7899665832519531,0.8066210746765137,0.6958810091018677,0.0621894933283329,0.7755024433135986,0.8361271023750305
0.985724151134491,0.8502557277679443,0.8502557277679443,0.8766941428184509,0.7593516111373901,0.0515640452504158,0.8168315291404724,0.8985461592674255,0.9795765280723572,0.7894631028175354,0.7894631028175354,0.8081547021865845,0.6957436203956604,0.060592882335186005,0.7723378539085388,0.839818000793457
0.9857683777809143,0.8507368564605713,0.8507368564605713,0.8769716024398804,0.7598587870597839,0.05146070569753647,0.8174808621406555,0.8986156582832336,0.9784664511680603,0.7838777303695679,0.7838777303695679,0.8033556938171387,0.6886684894561768,0.06233437359333038,0.7680433988571167,0.8364464044570923
0.9858802556991577,0.851140558719635,0.851140558719635,0.8773513436317444,0.7603620290756226,0.051168493926525116,0.8178797960281372,0.8989762663841248,0.97659832239151,0.7775738835334778,0.7775738835334778,0.794549286365509,0.6813349723815918,0.06489276885986328,0.7670010924339294,0.8261576294898987
0.9859664440155029,0.8513658046722412,0.8513658046722412,0.877772867679596,0.7606479525566101,0.050910621881484985,0.8175753951072693,0.8993909358978271,0.9803728461265564,0.7782486081123352,0.7782486081123352,0.8043384552001953,0.6824545860290527,0.06514102965593338,0.7571201324462891,0.8463507294654846
0.9860016703605652,0.8514983654022217,0.8514984250068665,0.8776401877403259,0.7608442306518555,0.05107356235384941,0.8182153105735779,0.8991113901138306,0.9776881337165833,0.7385722398757935,0.7385722398757935,0.7656794786453247,0.6397600769996643,0.07866626232862473,0.7277015447616577,0.8196085691452026
0.986021876335144,0.8515652418136597,0.8515651822090149,0.8775262832641602,0.7609629034996033,0.05108317732810974,0.8181982040405273,0.8986889123916626,0.9772950410842896,0.7285110950469971,0.7285110950469971,0.7589101195335388,0.6290686726570129,0.07534931600093842,0.713767945766449,0.8186066746711731
0.9861854314804077,0.8513794541358948,0.8513794541358948,0.8777282238006592,0.7606392502784729,0.05086396634578705,0.8175148367881775,0.8991906046867371,0.9820372462272644,0.8131354451179504,0.8131354451179504,0.8366311192512512,0.7247589826583862,0.054510340094566345,0.7873279452323914,0.8722677826881409
0.9860878586769104,0.8509864211082458,0.8509864211082458,0.8766348361968994,0.7601400017738342,0.05086296424269676,0.8184124231338501,0.8977063894271851,0.9815654754638672,0.8197457790374756,0.8197457790374756,0.8385992646217346,0.7336297631263733,0.05843459442257881,0.7984024882316589,0.8682398796081543
0.9862263202667236,0.8520191311836243,0.8520191311836243,0.8777452707290649,0.7615107893943787,0.050563108175992966,0.8192594051361084,0.898862361907959,0.9796104431152344,0.8099026083946228,0.8099026083946228,0.820604145526886,0.720730721950531,0.06119169294834137,0.8033690452575684,0.8457359671592712
0.9859811067581177,0.8498747944831848,0.8498749136924744,0.8757940530776978,0.7588083744049072,0.05121961236000061,0.8171764612197876,0.8971882462501526,0.981193482875824,0.806618332862854,0.806618332862854,0.8277912735939026,0.7167257070541382,0.06205800920724869,0.7845452427864075,0.8615059852600098
0.9859894514083862,0.8511552810668945,0.8511552810668945,0.8765627145767212,0.7605929970741272,0.050890352576971054,0.8188915848731995,0.8974422216415405,0.9769691824913025,0.7978215217590332,0.7978215217590332,0.816252589225769,0.7068061232566833,0.06247832998633385,0.7850672006607056,0.8520026206970215
0.9860804080963135,0.8516654372215271,0.8516654372215271,0.8773124814033508,0.7613995671272278,0.050362519919872284,0.8189848065376282,0.8982887864112854,0.9779706597328186,0.798445999622345,0.7984459400177002,0.8145908117294312,0.7063191533088684,0.06005313992500305,0.7852726578712463,0.8447606563568115
0.9860869646072388,0.8510675430297852,0.8510675430297852,0.8768158555030823,0.7605083584785461,0.05083851516246796,0.8183807730674744,0.8979083895683289,0.9786251187324524,0.8121311068534851,0.8121311068534851,0.8419989943504333,0.7221531867980957,0.06120424345135689,0.7826553583145142,0.8849697709083557
0.9857698082923889,0.8477244973182678,0.8477244973182678,0.8731367588043213,0.7564752101898193,0.05239567533135414,0.8158445954322815,0.894253671169281,0.9790360927581787,0.8254168033599854,0.8254168033599854,0.8444581031799316,0.7398635149002075,0.06909415870904922,0.8080384731292725,0.8766492605209351
0.9853431582450867,0.8491572737693787,0.8491573929786682,0.8740684986114502,0.7585770487785339,0.05281106010079384,0.8175359964370728,0.8946018815040588,0.9792553782463074,0.8124696612358093,0.8124696612358093,0.8424246907234192,0.7258237600326538,0.057044148445129395,0.7793278098106384,0.8843464255332947
0.9853619337081909,0.8504398465156555,0.850439727306366,0.8751591444015503,0.7600619196891785,0.052913252264261246,0.8198472857475281,0.8958269953727722,0.9779358506202698,0.8105387091636658,0.8105387091636658,0.8235558867454529,0.7241145968437195,0.059426337480545044,0.7980879545211792,0.8483905792236328
0.9860793948173523,0.8528794646263123,0.852879524230957,0.8781914114952087,0.762539267539978,0.050823505967855453,0.821075439453125,0.8990271687507629,0.978337287902832,0.7935667634010315,0.7935667634010315,0.8161282539367676,0.701739490032196,0.06091530621051788,0.7733348608016968,0.8526739478111267
0.9862176775932312,0.8517379760742188,0.8517379760742188,0.8772258162498474,0.7614188194274902,0.05075449496507645,0.8195273876190186,0.8981910347938538,0.9800068736076355,0.8118322491645813,0.8118322491645813,0.8332187533378601,0.7239193320274353,0.052696336060762405,0.7876627445220947,0.8657862544059753
0.9863181710243225,0.8554013967514038,0.855401337146759,0.8805553317070007,0.7660825252532959,0.050107039511203766,0.823855996131897,0.9012930989265442,0.978768527507782,0.7800657749176025,0.7800657749176025,0.7958095073699951,0.6851702928543091,0.06069568172097206,0.7663255333900452,0.8248045444488525
0.9864331483840942,0.8530194759368896,0.8530194759368896,0.8787989020347595,0.7627411484718323,0.050085488706827164,0.8197258114814758,0.8997358083724976,0.9698105454444885,0.7602525353431702,0.7602525353431702,0.7705278992652893,0.6641733050346375,0.08635501563549042,0.7643111944198608,0.7962297797203064
0.9864082336425781,0.8533381819725037,0.8533381819725037,0.8789205551147461,0.763180136680603,0.05000391975045204,0.8202084302902222,0.8995846509933472,0.9775857925415039,0.8022269606590271,0.8022269606590271,0.8281623125076294,0.7094254493713379,0.06176239997148514,0.7787995338439941,0.8682975172996521
0.9863737225532532,0.8544983267784119,0.8544983267784119,0.8800268769264221,0.7646147012710571,0.04990822821855545,0.8215936422348022,0.9006853103637695,0.9797993898391724,0.8026057481765747,0.8026057481765747,0.8358405232429504,0.7136102914810181,0.05969500169157982,0.7689859867095947,0.8877595663070679
0.986406683921814,0.8531920909881592,0.8531920909881592,0.878440797328949,0.7629294991493225,0.05010397359728813,0.820377767086029,0.8987889885902405,0.9799731373786926,0.8103112578392029,0.8103112578392029,0.8316830992698669,0.7218568921089172,0.05455607548356056,0.78790682554245,0.8665311932563782
0.9857766628265381,0.8517223000526428,0.8517223000526428,0.8756528496742249,0.7616423964500427,0.05191013216972351,0.8215845823287964,0.8954402208328247,0.9719386100769043,0.7767356634140015,0.7767356634140015,0.7823659777641296,0.6834360957145691,0.08190872520208359,0.7807881832122803,0.8028689622879028
0.9856014251708984,0.8500663638114929,0.8500663638114929,0.874062716960907,0.7593956589698792,0.05259251594543457,0.8203849196434021,0.8942306041717529,0.9541009664535522,0.6657277941703796,0.6657277941703796,0.6663143634796143,0.5785633325576782,0.14118053019046783,0.6939680576324463,0.683888852596283
0.9862246513366699,0.8523828983306885,0.8523828983306885,0.8775226473808289,0.7622469663619995,0.05107670649886131,0.8203354477882385,0.8980965614318848,0.9766411185264587,0.7623714804649353,0.7623714804649353,0.7655554413795471,0.6735453605651855,0.0661948099732399,0.7678701877593994,0.7826789021492004
0.9863656759262085,0.8560653328895569,0.8560653328895569,0.8805975914001465,0.7668508291244507,0.050015952438116074,0.824490487575531,0.9005298018455505,0.9786788821220398,0.7873921394348145,0.7873921394348145,0.8013155460357666,0.6945756673812866,0.05833958834409714,0.7732430696487427,0.8278001546859741
0.9865763783454895,0.8549933433532715,0.8549933433532715,0.8803632259368896,0.7651582956314087,0.0497833713889122,0.8219134211540222,0.9007154703140259,0.9783653616905212,0.7909979820251465,0.7909979820251465,0.8085646629333496,0.7000376582145691,0.061478838324546814,0.7725502252578735,0.838566243648529
0.9868431091308594,0.8571318984031677,0.8571318984031677,0.882878303527832,0.7677559852600098,0.048926062881946564,0.8232885599136353,0.9034345746040344,0.9780122637748718,0.801500678062439,0.801500678062439,0.8170852661132812,0.7090068459510803,0.0666140764951706,0.7892279624938965,0.8465020656585693
0.9867359399795532,0.856292724609375,0.856292724609375,0.8814637660980225,0.7666235566139221,0.04897591844201088,0.8233780264854431,0.9016240239143372,0.9760416746139526,0.7929614782333374,0.7929614782333374,0.8120387196540833,0.6980989575386047,0.06518898159265518,0.7783715724945068,0.8446471691131592
0.9866583347320557,0.8552994728088379,0.8552994728088379,0.8805443644523621,0.7651659250259399,0.04952326416969299,0.822150468826294,0.9006546139717102,0.9789091944694519,0.795157253742218,0.795157253742218,0.8207532167434692,0.7041611671447754,0.05654853209853172,0.7668449282646179,0.8572754859924316
0.9865249395370483,0.8551428914070129,0.8551428914070129,0.8800529837608337,0.7654410004615784,0.04991302266716957,0.8227144479751587,0.900080680847168,0.9791503548622131,0.80220627784729,0.8022062182426453,0.816982626914978,0.7129015922546387,0.05546226724982262,0.7866936922073364,0.8431909084320068
0.986672043800354,0.8571831583976746,0.8571831583976746,0.8820479512214661,0.7679849863052368,0.04914790391921997,0.824492871761322,0.9017846584320068,0.9739952087402344,0.7808249592781067,0.7808249592781067,0.7901268601417542,0.6865211725234985,0.07292048633098602,0.777085542678833,0.8128901720046997
0.9866839647293091,0.8573267459869385,0.8573267459869385,0.8823506832122803,0.7680436968803406,0.04903271421790123,0.8245642781257629,0.9023969769477844,0.9802178144454956,0.7944185137748718,0.7944185137748718,0.8198463320732117,0.7010619640350342,0.06162947788834572,0.7657501697540283,0.8572336435317993
